Join,Point
link,1
link,2
link,3
link,4
link,5
link,6
link,7
link,8
link,9
link,10
link,11
link,12
link,13
link,14
link,15
link,16
link,17
link,18
link,19
link,20
link,21
link,22
link,23
link,24
link,25
link,26
link,27
link,28
link,29
link,30
link,31
link,32
link,33
link,34
link,35
link,36
link,37
link,38
link,39
link,40
link,41
link,42
link,43
link,44
link,45
link,46
link,47
link,48
link,49
link,50
link,51
link,52
link,53
link,54
link,55
link,56
link,57
link,58
link,59
link,60
link,61
link,62
link,63
link,64
link,65
link,66
link,67
link,68
link,69
link,70
link,71
link,72
link,73
link,74
link,75
link,76
link,77
link,78
link,79
link,80
link,81
link,82
link,83
link,84
link,85
link,86
link,87
link,88
link,89
link,90
link,91
link,92
link,93
link,94
link,95
link,96
link,97
link,98
link,99
link,100